{"available_scenarios": [{"Town01": [{"available_event_configurations": [], "scenario_type": "Scenario1"}, {"available_event_configurations": [], "scenario_type": "Scenario2"}, {"available_event_configurations": [{"transform": {"x": 338.7772216796875, "y": 203.16116333007812, "z": 1.0, "yaw": -89.96536254882812, "pitch": 360.0}}, {"transform": {"x": 338.7926025390625, "y": 177.6511688232422, "z": 1.0, "yaw": 270.03460693359375, "pitch": 360.0}}], "scenario_type": "Scenario3"}]}]}