{"available_scenarios": [{"Town01": [{"available_event_configurations": [], "scenario_type": "Scenario1"}, {"available_event_configurations": [{"transform": {"x": 150.95980834960938, "y": 1.9551101922988892, "z": 0.0, "yaw": 0.0061187744140625, "pitch": 360.0}}, {"transform": {"x": 176.07977294921875, "y": 1.9577912092208862, "z": 0.0, "yaw": 0.0061187744140625, "pitch": 360.0}}], "scenario_type": "Scenario2"}, {"available_event_configurations": [], "scenario_type": "Scenario3"}]}]}