{
  "available_scenarios": [
    {
      "Town01": [
        {
          "available_event_configurations": [],
          "scenario_type": "Scenario1"
        },
        {
          "available_event_configurations": [
            {
              "transform": {
                "x": 92.4006118774414,
                "y": 201.32969665527344,
                "z": 0.0,
                "yaw": -90.00869750976562,
                "pitch": 360.0
              }
            }
          ],
          "scenario_type": "Scenario2"
        },
        {
          "available_event_configurations": [
            {
              "transform": {
                "x": 92.39680480957031,
                "y": 176.32968139648438,
                "z": 1.0,
                "yaw": 269.99127197265625,
                "pitch": 360.0
              }
            }
          ],
          "scenario_type": "Scenario3"
        }
      ]
    }
  ]
}