{"available_scenarios": [{"Town01": [{"available_event_configurations": [], "scenario_type": "Scenario1"}, {"available_event_configurations": [], "scenario_type": "Scenario2"}, {"available_event_configurations": [{"transform": {"x": 161.16973876953125, "y": 55.49137878417969, "z": 1.0, "yaw": 179.99301147460938, "pitch": 360.0}}, {"transform": {"x": 135.98974609375, "y": 55.49444580078125, "z": 1.0, "yaw": 179.99301147460938, "pitch": 360.0}}], "scenario_type": "Scenario3"}]}]}