{"available_scenarios": [{"Town01": [{"available_event_configurations": [], "scenario_type": "Scenario1"}, {"available_event_configurations": [{"transform": {"x": 92.37945556640625, "y": 62.14969253540039, "z": 0.0, "yaw": -90.00869750976562, "pitch": 360.0}}, {"transform": {"x": 92.37549591064453, "y": 36.149696350097656, "z": 0.0, "yaw": 269.99127197265625, "pitch": 360.0}}], "scenario_type": "Scenario2"}, {"available_event_configurations": [], "scenario_type": "Scenario3"}]}]}