{"available_scenarios": [{"Town01": [{"available_event_configurations": [], "scenario_type": "Scenario1"}, {"available_event_configurations": [{"transform": {"x": 331.6289367675781, "y": 1.9918655157089233, "z": 0.0, "yaw": -359.96954345703125, "pitch": 360.0}}], "scenario_type": "Scenario2"}, {"available_event_configurations": [{"transform": {"x": 357.22894287109375, "y": 2.005465030670166, "z": 1.0, "yaw": 0.03045654296875, "pitch": 360.0}}], "scenario_type": "Scenario3"}]}]}