{"available_scenarios": [{"Town01": [{"available_event_configurations": [], "scenario_type": "Scenario1"}, {"available_event_configurations": [{"transform": {"x": 110.68978881835938, "y": 1.9508122205734253, "z": 0.0, "yaw": 0.0061187744140625, "pitch": 360.0}}], "scenario_type": "Scenario2"}, {"available_event_configurations": [{"transform": {"x": 85.38066101074219, "y": 1.9557684659957886, "z": 1.0, "yaw": 359.9813232421875, "pitch": 360.0}}], "scenario_type": "Scenario3"}]}]}