{
  "available_scenarios": [
    {
      "Town01": [
        {
          "available_event_configurations": [],
          "scenario_type": "Scenario1"
        },
        {
          "available_event_configurations": [
            {
              "transform": {
                "x": 92.39065551757812,
                "y": 135.83969116210938,
                "z": 0.0,
                "yaw": 269.99127197265625,
                "pitch": 360.0
              }
            },
            {
              "transform": {
                "x": 92.38685607910156,
                "y": 110.83969116210938,
                "z": 0.0,
                "yaw": 269.99127197265625,
                "pitch": 360.0
              }
            }
          ],
          "scenario_type": "Scenario2"
        },
        {
          "available_event_configurations": [],
          "scenario_type": "Scenario3"
        }
      ]
    }
  ]
}